{"cameraMode":{"drawMode":0,"name":"Shaded","section":"Shading Mode"},"sceneLighting":true,"audioPlay":false,"sceneViewState":{"showFog":true,"showMaterialUpdate":false,"showSkybox":false,"showFlares":true,"showImageEffects":true,"showParticleSystems":true},"in2DMode":false,"pivot":{"x":0.0,"y":2.4373505115509035,"z":-0.8249826431274414},"rotation":{"x":-0.4123883843421936,"y":0.2319175899028778,"z":-0.10924076288938523,"w":-0.8742882013320923},"size":3.5638985633850099,"orthographic":false}