{"cameraMode":{"drawMode":0,"name":"Shaded","section":"Shading Mode"},"sceneLighting":false,"audioPlay":false,"sceneViewState":{"showFog":true,"showMaterialUpdate":false,"showSkybox":false,"showFlares":true,"showImageEffects":true,"showParticleSystems":true},"in2DMode":false,"pivot":{"x":0.702888548374176,"y":4.5979180335998539,"z":-0.5851836800575256},"rotation":{"x":0.5985316634178162,"y":-0.024289891123771669,"z":0.018133075907826425,"w":0.8005469441413879},"size":3.436067581176758,"orthographic":false}