{"cameraMode":{"drawMode":0,"name":"Shaded","section":"Shading Mode"},"sceneLighting":true,"audioPlay":false,"sceneViewState":{"showFog":true,"showMaterialUpdate":false,"showSkybox":true,"showFlares":true,"showImageEffects":true,"showParticleSystems":true},"in2DMode":false,"pivot":{"x":16.696327209472658,"y":10.472954750061036,"z":-68.48392486572266},"rotation":{"x":0.13144895434379579,"y":-0.29159751534461977,"z":0.0405702069401741,"w":0.9466352462768555},"size":2.4224488735198976,"orthographic":false}