{"cameraMode":{"drawMode":0,"name":"Shaded","section":"Shading Mode"},"sceneLighting":false,"audioPlay":false,"sceneViewState":{"showFog":true,"showMaterialUpdate":false,"showSkybox":false,"showFlares":true,"showImageEffects":true,"showParticleSystems":true},"in2DMode":false,"pivot":{"x":5.625019073486328,"y":4.308928489685059,"z":-0.6019790768623352},"rotation":{"x":-0.143399178981781,"y":0.7517777681350708,"z":-0.17396028339862824,"w":-0.6196969151496887},"size":2.0463380813598635,"orthographic":false}