{"cameraMode":{"drawMode":0,"name":"Shaded","section":"Shading Mode"},"sceneLighting":false,"audioPlay":false,"sceneViewState":{"showFog":true,"showMaterialUpdate":false,"showSkybox":false,"showFlares":true,"showImageEffects":true,"showParticleSystems":true},"in2DMode":false,"pivot":{"x":1.9887864589691163,"y":2.8412411212921144,"z":-4.315352439880371},"rotation":{"x":0.2124759554862976,"y":-0.15492667257785798,"z":0.03418167307972908,"w":0.9642279744148254},"size":0.8660253882408142,"orthographic":false}