{"cameraMode":{"drawMode":0,"name":"Shaded","section":"Shading Mode"},"sceneLighting":false,"audioPlay":false,"sceneViewState":{"showFog":true,"showMaterialUpdate":false,"showSkybox":false,"showFlares":true,"showImageEffects":true,"showParticleSystems":true},"in2DMode":false,"pivot":{"x":4.059536933898926,"y":2.0619382858276369,"z":-1.8015084266662598},"rotation":{"x":0.23487548530101777,"y":0.10443031787872315,"z":-0.025412289425730706,"w":0.9660822153091431},"size":3.436067581176758,"orthographic":false}