{"cameraMode":{"drawMode":0,"name":"Shaded","section":"Shading Mode"},"sceneLighting":false,"audioPlay":false,"sceneViewState":{"showFog":true,"showMaterialUpdate":false,"showSkybox":false,"showFlares":true,"showImageEffects":true,"showParticleSystems":true},"in2DMode":false,"pivot":{"x":0.0,"y":0.30000001192092898,"z":-67.29000091552735},"rotation":{"x":0.2994670867919922,"y":0.11214897781610489,"z":-0.035361792892217639,"w":0.9468811750411987},"size":10.198039054870606,"orthographic":false}